[
  {
    "id": "nova-angel",
    "name": "NovaAngel",
    "title": "Chill chat & music",
    "gender": "Women",
    "region": "North America",
    "tags": [
      "chatting",
      "music"
    ],
    "rate": 6,
    "viewers": 2384,
    "streamUrl": "https://samplelib.com/lib/preview/mp4/sample-5s.mp4",
    "tips": [
      {
        "label": "Wave hello",
        "amount": 25
      },
      {
        "label": "VIP shoutout",
        "amount": 250
      }
    ]
  },
  {
    "id": "cosmix-kai",
    "name": "CosmixKai",
    "title": "Cosplay & games",
    "gender": "Trans",
    "region": "Europe",
    "tags": [
      "cosplay",
      "games"
    ],
    "rate": 18,
    "viewers": 1522,
    "streamUrl": "https://samplelib.com/lib/preview/mp4/sample-5s.mp4",
    "tips": [
      {
        "label": "Spin the wheel",
        "amount": 50
      }
    ]
  },
  {
    "id": "duo-vibes",
    "name": "DuoVibes",
    "title": "Couple Q&A",
    "gender": "Couples",
    "region": "South America",
    "tags": [
      "chatting"
    ],
    "rate": 12,
    "viewers": 4210,
    "streamUrl": "https://samplelib.com/lib/preview/mp4/sample-5s.mp4",
    "tips": [
      {
        "label": "Priority request",
        "amount": 300
      }
    ]
  },
  {
    "id": "room-4",
    "name": "Creator4",
    "title": "Hanging out & chatting",
    "gender": "Couples",
    "region": "Asia",
    "tags": [
      "games",
      "chatting"
    ],
    "rate": 30,
    "viewers": 5632,
    "streamUrl": "https://samplelib.com/lib/preview/mp4/sample-5s.mp4",
    "tips": [
      {
        "label": "Sticker pack",
        "amount": 30
      }
    ]
  },
  {
    "id": "room-5",
    "name": "Creator5",
    "title": "Hanging out & chatting",
    "gender": "Trans",
    "region": "South America",
    "tags": [
      "games",
      "new"
    ],
    "rate": 30,
    "viewers": 2262,
    "streamUrl": "https://samplelib.com/lib/preview/mp4/sample-5s.mp4",
    "tips": [
      {
        "label": "Sticker pack",
        "amount": 30
      }
    ]
  },
  {
    "id": "room-6",
    "name": "Creator6",
    "title": "Hanging out & chatting",
    "gender": "Trans",
    "region": "Asia",
    "tags": [
      "new",
      "chatting"
    ],
    "rate": 90,
    "viewers": 2865,
    "streamUrl": "https://samplelib.com/lib/preview/mp4/sample-5s.mp4",
    "tips": [
      {
        "label": "Sticker pack",
        "amount": 30
      }
    ]
  },
  {
    "id": "room-7",
    "name": "Creator7",
    "title": "Hanging out & chatting",
    "gender": "Women",
    "region": "Asia",
    "tags": [
      "games",
      "music"
    ],
    "rate": 60,
    "viewers": 1935,
    "streamUrl": "https://samplelib.com/lib/preview/mp4/sample-5s.mp4",
    "tips": [
      {
        "label": "Sticker pack",
        "amount": 30
      }
    ]
  },
  {
    "id": "room-8",
    "name": "Creator8",
    "title": "New here!",
    "gender": "Women",
    "region": "Asia",
    "tags": [
      "music",
      "cosplay"
    ],
    "rate": 12,
    "viewers": 6320,
    "streamUrl": "https://samplelib.com/lib/preview/mp4/sample-5s.mp4",
    "tips": [
      {
        "label": "Sticker pack",
        "amount": 30
      }
    ]
  },
  {
    "id": "room-9",
    "name": "Creator9",
    "title": "New here!",
    "gender": "Men",
    "region": "Asia",
    "tags": [
      "new",
      "chatting"
    ],
    "rate": 12,
    "viewers": 289,
    "streamUrl": "https://samplelib.com/lib/preview/mp4/sample-5s.mp4",
    "tips": [
      {
        "label": "Sticker pack",
        "amount": 30
      }
    ]
  },
  {
    "id": "room-10",
    "name": "Creator10",
    "title": "Game night",
    "gender": "Women",
    "region": "Europe",
    "tags": [
      "chatting",
      "new"
    ],
    "rate": 30,
    "viewers": 1854,
    "streamUrl": "https://samplelib.com/lib/preview/mp4/sample-5s.mp4",
    "tips": [
      {
        "label": "Sticker pack",
        "amount": 30
      }
    ]
  },
  {
    "id": "room-11",
    "name": "Creator11",
    "title": "Hanging out & chatting",
    "gender": "Trans",
    "region": "South America",
    "tags": [
      "games",
      "new"
    ],
    "rate": 12,
    "viewers": 4769,
    "streamUrl": "https://samplelib.com/lib/preview/mp4/sample-5s.mp4",
    "tips": [
      {
        "label": "Sticker pack",
        "amount": 30
      }
    ]
  },
  {
    "id": "room-12",
    "name": "Creator12",
    "title": "New here!",
    "gender": "Trans",
    "region": "Europe",
    "tags": [
      "music",
      "cosplay"
    ],
    "rate": 12,
    "viewers": 6239,
    "streamUrl": "https://samplelib.com/lib/preview/mp4/sample-5s.mp4",
    "tips": [
      {
        "label": "Sticker pack",
        "amount": 30
      }
    ]
  },
  {
    "id": "room-13",
    "name": "Creator13",
    "title": "New here!",
    "gender": "Trans",
    "region": "Asia",
    "tags": [
      "new",
      "chatting"
    ],
    "rate": 6,
    "viewers": 4150,
    "streamUrl": "https://samplelib.com/lib/preview/mp4/sample-5s.mp4",
    "tips": [
      {
        "label": "Sticker pack",
        "amount": 30
      }
    ]
  },
  {
    "id": "room-14",
    "name": "Creator14",
    "title": "Game night",
    "gender": "Women",
    "region": "Europe",
    "tags": [
      "new",
      "games"
    ],
    "rate": 60,
    "viewers": 6717,
    "streamUrl": "https://samplelib.com/lib/preview/mp4/sample-5s.mp4",
    "tips": [
      {
        "label": "Sticker pack",
        "amount": 30
      }
    ]
  },
  {
    "id": "room-15",
    "name": "Creator15",
    "title": "Game night",
    "gender": "Men",
    "region": "North America",
    "tags": [
      "chatting",
      "games"
    ],
    "rate": 6,
    "viewers": 1478,
    "streamUrl": "https://samplelib.com/lib/preview/mp4/sample-5s.mp4",
    "tips": [
      {
        "label": "Sticker pack",
        "amount": 30
      }
    ]
  },
  {
    "id": "room-16",
    "name": "Creator16",
    "title": "Just vibing",
    "gender": "Couples",
    "region": "Asia",
    "tags": [
      "games",
      "new"
    ],
    "rate": 12,
    "viewers": 476,
    "streamUrl": "https://samplelib.com/lib/preview/mp4/sample-5s.mp4",
    "tips": [
      {
        "label": "Sticker pack",
        "amount": 30
      }
    ]
  },
  {
    "id": "room-17",
    "name": "Creator17",
    "title": "Game night",
    "gender": "Couples",
    "region": "North America",
    "tags": [
      "music",
      "cosplay"
    ],
    "rate": 6,
    "viewers": 1062,
    "streamUrl": "https://samplelib.com/lib/preview/mp4/sample-5s.mp4",
    "tips": [
      {
        "label": "Sticker pack",
        "amount": 30
      }
    ]
  },
  {
    "id": "room-18",
    "name": "Creator18",
    "title": "Game night",
    "gender": "Couples",
    "region": "North America",
    "tags": [
      "chatting",
      "new"
    ],
    "rate": 30,
    "viewers": 4997,
    "streamUrl": "https://samplelib.com/lib/preview/mp4/sample-5s.mp4",
    "tips": [
      {
        "label": "Sticker pack",
        "amount": 30
      }
    ]
  },
  {
    "id": "room-19",
    "name": "Creator19",
    "title": "Just vibing",
    "gender": "Women",
    "region": "Europe",
    "tags": [
      "chatting",
      "new"
    ],
    "rate": 12,
    "viewers": 5014,
    "streamUrl": "https://samplelib.com/lib/preview/mp4/sample-5s.mp4",
    "tips": [
      {
        "label": "Sticker pack",
        "amount": 30
      }
    ]
  },
  {
    "id": "room-20",
    "name": "Creator20",
    "title": "New here!",
    "gender": "Trans",
    "region": "North America",
    "tags": [
      "chatting",
      "games"
    ],
    "rate": 6,
    "viewers": 6925,
    "streamUrl": "https://samplelib.com/lib/preview/mp4/sample-5s.mp4",
    "tips": [
      {
        "label": "Sticker pack",
        "amount": 30
      }
    ]
  },
  {
    "id": "room-21",
    "name": "Creator21",
    "title": "Game night",
    "gender": "Couples",
    "region": "Asia",
    "tags": [
      "music",
      "new"
    ],
    "rate": 60,
    "viewers": 5304,
    "streamUrl": "https://samplelib.com/lib/preview/mp4/sample-5s.mp4",
    "tips": [
      {
        "label": "Sticker pack",
        "amount": 30
      }
    ]
  }
]